id,mjd,utc,mag,magerr,limiting_mag,filter,snr,magsys,instrument_name,instrument_id,origin,flux,fluxerr,ra,dec,ra_unc,dec_unc,created_at,altdata,streams,owner
1084410923,61220.34861110011,2026-06-29T08:21:59Z,,,19.48090031804212,ztfr,,ab,ZTF,1,None,,58.56523263999999,,,,,2026-07-29T11:47:36.920739,,ZTF Public+Partnership,provisioned-admin
1084410924,61220.436134300195,2026-06-29T10:28:02Z,,,19.524500211086504,ztfg,,ab,ZTF,1,None,,56.26002431999994,,,,,2026-07-29T11:47:36.920774,,ZTF Public+Partnership,provisioned-admin
1084410925,61222.31252310006,2026-07-01T07:30:01Z,,,19.981800524383743,ztfr,,ab,ZTF,1,None,,36.921538559999966,,,,,2026-07-29T11:47:36.920787,,ZTF Public+Partnership,provisioned-admin
1084410979,61222.31252310006,2026-07-01T07:30:01Z,,,19.981800079345703,ztfr,,ab,ZTF,1,None,,36.92155369396387,,,,,2026-07-29T11:47:37.951460,,ZTF Public+Partnership,kowalski-bot
1085054036,61223.427083,2026-07-02T10:14:59Z,,,19.06,atlaso,,ab,ATLAS,72,fp,,86.29785477669702,295.28406,60.82161,,,2026-07-30T17:01:34.853774,,,khinds
1085054037,61223.428909,2026-07-02T10:17:37Z,,,19.05,atlaso,,ab,ATLAS,72,fp,,87.09635899560791,295.28406,60.82161,,,2026-07-30T17:01:34.853822,,,khinds
1085054038,61223.43165,2026-07-02T10:21:34Z,,,19.04,atlaso,,ab,ATLAS,72,fp,,87.90225168308842,295.28406,60.82161,,,2026-07-30T17:01:34.853840,,,khinds
1085054039,61223.436682,2026-07-02T10:28:49Z,,,19.03,atlaso,,ab,ATLAS,72,fp,,88.7156012037959,295.28406,60.82161,,,2026-07-30T17:01:34.853853,,,khinds
1084410926,61224.237152799964,2026-07-03T05:41:30Z,,,20.049500007029824,ztfg,,ab,ZTF,1,None,,34.689656320000005,,,,,2026-07-29T11:47:36.920795,,ZTF Public+Partnership,provisioned-admin
1084410980,61224.237152799964,2026-07-03T05:41:30Z,,,20.04949951171875,ztfg,,ab,ZTF,1,None,,34.689672145367865,,,,,2026-07-29T11:47:37.951555,,ZTF Public+Partnership,kowalski-bot
1084410927,61224.30657410016,2026-07-03T07:21:28Z,,,20.29410009056202,ztfr,,ab,ZTF,1,None,,27.692359679999967,,,,,2026-07-29T11:47:36.920804,,ZTF Public+Partnership,provisioned-admin
1084410981,61224.30657410016,2026-07-03T07:21:28Z,,,20.294099807739258,ztfr,,ab,ZTF,1,None,,27.692366893566764,,,,,2026-07-29T11:47:37.951567,,ZTF Public+Partnership,kowalski-bot
1084410928,61224.352280099876,2026-07-03T08:27:17Z,,,20.137199929150633,ztfg,,ab,ZTF,1,None,,31.99779327999997,,,,,2026-07-29T11:47:36.920822,,ZTF Public+Partnership,provisioned-admin
1084410982,61224.352280099876,2026-07-03T08:27:17Z,,,20.13719940185547,ztfg,,ab,ZTF,1,None,,31.99780881994944,,,,,2026-07-29T11:47:37.951573,,ZTF Public+Partnership,kowalski-bot
1085054040,61224.426732,2026-07-03T10:14:29Z,,,19.09,atlaso,,ab,ATLAS,72,fp,,83.94599865193965,295.28406,60.82161,,,2026-07-30T17:01:34.853865,,,khinds
1085054041,61224.428559,2026-07-03T10:17:07Z,,,19.13,atlaso,,ab,ATLAS,72,fp,,80.90958991783822,295.28406,60.82161,,,2026-07-30T17:01:34.853877,,,khinds
1085054042,61224.431304,2026-07-03T10:21:04Z,,,19.06,atlaso,,ab,ATLAS,72,fp,,86.29785477669702,295.28406,60.82161,,,2026-07-30T17:01:34.853889,,,khinds
1085054043,61224.453144,2026-07-03T10:52:31Z,,,19.06,atlaso,,ab,ATLAS,72,fp,,86.29785477669702,295.28406,60.82161,,,2026-07-30T17:01:34.853899,,,khinds
1085054044,61224.456829,2026-07-03T10:57:50Z,,,19.12,atlaso,,ab,ATLAS,72,fp,,81.65823713585905,295.28406,60.82161,,,2026-07-30T17:01:34.853910,,,khinds
1085054045,61224.458657,2026-07-03T11:00:27Z,,,19.08,atlaso,,ab,ATLAS,72,fp,,84.72274141405967,295.28406,60.82161,,,2026-07-30T17:01:34.853920,,,khinds
1085054046,61224.461861,2026-07-03T11:05:04Z,,,19.1,atlaso,,ab,ATLAS,72,fp,,83.17637711026691,295.28406,60.82161,,,2026-07-30T17:01:34.853932,,,khinds
1085054047,61224.468425,2026-07-03T11:14:31Z,,,19.04,atlaso,,ab,ATLAS,72,fp,,87.90225168308842,295.28406,60.82161,,,2026-07-30T17:01:34.853944,,,khinds
1084410929,61226.34549769992,2026-07-05T08:17:31Z,,,20.35100026973054,ztfg,,ab,ZTF,1,None,,26.27845888000003,,,,,2026-07-29T11:47:36.920835,,ZTF Public+Partnership,provisioned-admin
1084410983,61226.34549769992,2026-07-05T08:17:31Z,,,20.35099983215332,ztfg,,ab,ZTF,1,None,,26.27846947083902,,,,,2026-07-29T11:47:37.951580,,ZTF Public+Partnership,kowalski-bot
1084410930,61226.43247690005,2026-07-05T10:22:46Z,,,20.51759949837645,ztfr,,ab,ZTF,1,None,,22.540326400000026,,,,,2026-07-29T11:47:36.920846,,ZTF Public+Partnership,provisioned-admin
1084410984,61226.43247690005,2026-07-05T10:22:46Z,,,20.51759910583496,ztfr,,ab,ZTF,1,None,,22.54033454932287,,,,,2026-07-29T11:47:37.951586,,ZTF Public+Partnership,kowalski-bot
1085054048,61227.424987,2026-07-06T10:11:58Z,,,19.28,atlaso,,ab,ATLAS,72,fp,,70.46930689671453,295.28406,60.82161,,,2026-07-30T17:01:34.853955,,,khinds
1085054049,61227.426813,2026-07-06T10:14:36Z,,,19.25,atlaso,,ab,ATLAS,72,fp,,72.44359600749891,295.28406,60.82161,,,2026-07-30T17:01:34.853966,,,khinds
1085054050,61227.431393,2026-07-06T10:21:12Z,,,19.19,atlaso,,ab,ATLAS,72,fp,,76.55966069112546,295.28406,60.82161,,,2026-07-30T17:01:34.853977,,,khinds
1085054051,61227.466752,2026-07-06T11:12:07Z,,,19.29,atlaso,,ab,ATLAS,72,fp,,69.82324040771711,295.28406,60.82161,,,2026-07-30T17:01:34.853988,,,khinds
1084410931,61228.269166700076,2026-07-07T06:27:36Z,,,20.65700004538742,ztfg,,ab,ZTF,1,None,,19.824396799999995,,,,,2026-07-29T11:47:36.920856,,ZTF Public+Partnership,provisioned-admin
1084410985,61228.269166700076,2026-07-07T06:27:36Z,,,20.656999588012695,ztfg,,ab,ZTF,1,None,,19.82440515118134,,,,,2026-07-29T11:47:37.951592,,ZTF Public+Partnership,kowalski-bot
1084410932,61228.42488430021,2026-07-07T10:11:50Z,,,20.540300709780823,ztfr,,ab,ZTF,1,None,,22.073932799999987,,,,,2026-07-29T11:47:36.920865,,ZTF Public+Partnership,provisioned-admin
1084410986,61228.42488430021,2026-07-07T10:11:50Z,,,20.540300369262695,ztfr,,ab,ZTF,1,None,,22.073939723021816,,,,,2026-07-29T11:47:37.951598,,ZTF Public+Partnership,kowalski-bot
1085054052,61229.416782,2026-07-08T10:00:09Z,,,19.46,atlaso,,ab,ATLAS,72,fp,,59.70352865838357,295.28406,60.82161,,,2026-07-30T17:01:34.854000,,,khinds
1085054053,61229.41861,2026-07-08T10:02:47Z,,,19.44,atlaso,,ab,ATLAS,72,fp,,60.81350012787164,295.28406,60.82161,,,2026-07-30T17:01:34.854011,,,khinds
1085054054,61229.424092,2026-07-08T10:10:41Z,,,19.46,atlaso,,ab,ATLAS,72,fp,,59.70352865838357,295.28406,60.82161,,,2026-07-30T17:01:34.854023,,,khinds
1085054055,61229.429118,2026-07-08T10:17:55Z,,,19.42,atlaso,,ab,ATLAS,72,fp,,61.94410750767799,295.28406,60.82161,,,2026-07-30T17:01:34.854035,,,khinds
1084410933,61230.36112269992,2026-07-09T08:40:01Z,,,20.78290026331468,ztfr,,ab,ZTF,1,None,,17.653868800000012,,,,,2026-07-29T11:47:36.920874,,ZTF Public+Partnership,provisioned-admin
1084410987,61230.36112269992,2026-07-09T08:40:01Z,,,20.782899856567383,ztfr,,ab,ZTF,1,None,,17.653875413636673,,,,,2026-07-29T11:47:37.951603,,ZTF Public+Partnership,kowalski-bot
1085054056,61230.425816,2026-07-09T10:13:10Z,,,19.39,atlaso,,ab,ATLAS,72,fp,,63.67955209079149,295.28406,60.82161,,,2026-07-30T17:01:34.854046,,,khinds
1085054057,61230.429469,2026-07-09T10:18:26Z,,,19.42,atlaso,,ab,ATLAS,72,fp,,61.94410750767799,295.28406,60.82161,,,2026-07-30T17:01:34.854059,,,khinds
1085054058,61230.434586,2026-07-09T10:25:48Z,,,19.39,atlaso,,ab,ATLAS,72,fp,,63.67955209079149,295.28406,60.82161,,,2026-07-30T17:01:34.854070,,,khinds
1085054059,61230.439614,2026-07-09T10:33:02Z,,,19.35,atlaso,,ab,ATLAS,72,fp,,66.06934480075944,295.28406,60.82161,,,2026-07-30T17:01:34.854083,,,khinds
1084410934,61232.332650499884,2026-07-11T07:59:01Z,,,20.62100067942461,ztfg,,ab,ZTF,1,None,,20.492725759999995,,,,,2026-07-29T11:47:36.920882,,ZTF Public+Partnership,provisioned-admin
1084410988,61232.332650499884,2026-07-11T07:59:01Z,,,20.621000289916992,ztfg,,ab,ZTF,1,None,,20.492733111762064,,,,,2026-07-29T11:47:37.951609,,ZTF Public+Partnership,kowalski-bot
1085054060,61232.395747,2026-07-11T09:29:52Z,,,19.41,atlasc,,ab,ATLAS,72,fp,,62.51726927756849,295.28406,60.82161,,,2026-07-30T17:01:34.854095,,,khinds
1085054061,61232.398919,2026-07-11T09:34:26Z,,,19.48,atlasc,,ab,ATLAS,72,fp,,58.61381645140278,295.28406,60.82161,,,2026-07-30T17:01:34.854107,,,khinds
1085054062,61232.426156,2026-07-11T10:13:39Z,,,19.5,atlasc,,ab,ATLAS,72,fp,,57.54399373371564,295.28406,60.82161,,,2026-07-30T17:01:34.854119,,,khinds
1085054063,61232.431155,2026-07-11T10:20:51Z,,,19.49,atlasc,,ab,ATLAS,72,fp,,58.07644175213124,295.28406,60.82161,,,2026-07-30T17:01:34.854131,,,khinds
1084410935,61233.35459489981,2026-07-12T08:30:36Z,,,20.364799889375348,ztfg,,ab,ZTF,1,None,,25.946575360000033,,,,,2026-07-29T11:47:36.920889,,ZTF Public+Partnership,provisioned-admin
1084410989,61233.35459489981,2026-07-12T08:30:36Z,,,20.36479949951172,ztfg,,ab,ZTF,1,None,,25.946584676837603,,,,,2026-07-29T11:47:37.951627,,ZTF Public+Partnership,kowalski-bot
1085054064,61233.422737,2026-07-12T10:08:44Z,,,18.78,atlaso,,ab,ATLAS,72,fp,,111.68632477805589,295.28406,60.82161,,,2026-07-30T17:01:34.854142,,,khinds
1085054065,61233.424566,2026-07-12T10:11:22Z,,,18.77,atlaso,,ab,ATLAS,72,fp,,112.71974561755094,295.28406,60.82161,,,2026-07-30T17:01:34.854154,,,khinds
1085054066,61233.427306,2026-07-12T10:15:19Z,,,18.53,atlaso,,ab,ATLAS,72,fp,,140.60475241299113,295.28406,60.82161,,,2026-07-30T17:01:34.854165,,,khinds
1085054067,61233.432332,2026-07-12T10:22:33Z,,,19,atlaso,,ab,ATLAS,72,fp,,91.20108393559087,295.28406,60.82161,,,2026-07-30T17:01:34.854238,,,khinds
1084410936,61235.33819440007,2026-07-14T08:06:59Z,,,20.571300858691792,ztfr,,ab,ZTF,1,None,,21.45258624000001,,,,,2026-07-29T11:47:36.920898,,ZTF Public+Partnership,provisioned-admin
1084410937,61235.33819440007,2026-07-14T08:06:59Z,,,20.99452632536405,ztfr,,ab,ZTF,1,None,,14.527452692061019,,,,,2026-07-29T11:47:36.920906,,ZTF Public+Partnership,provisioned-admin
1084410990,61235.33819440007,2026-07-14T08:06:59Z,,,20.571300506591797,ztfr,,ab,ZTF,1,None,,21.452593196990765,,,,,2026-07-29T11:47:37.951633,,ZTF Public+Partnership,kowalski-bot
1084411006,61235.33819440007,2026-07-14T08:06:59Z,,,20.994525943894324,ztfr,,ab,ZTF,1,alert_fp,,14.527457796233042,,,,,2026-07-29T11:47:38.116345,NaN,ZTF Public+Partnership,kowalski-bot
1084410938,61235.389606500044,2026-07-14T09:21:02Z,,,20.42620132921494,ztfg,,ab,ZTF,1,None,,24.519943679999972,,,,,2026-07-29T11:47:36.920914,,ZTF Public+Partnership,provisioned-admin
1084410939,61235.389606500044,2026-07-14T09:21:02Z,,,20.978361940479065,ztfg,,ab,ZTF,1,None,,14.745354694113674,,,,,2026-07-29T11:47:36.920923,,ZTF Public+Partnership,provisioned-admin
1084410991,61235.389606500044,2026-07-14T09:21:02Z,,,20.42620086669922,ztfg,,ab,ZTF,1,None,,24.51995412531976,,,,,2026-07-29T11:47:37.951638,,ZTF Public+Partnership,kowalski-bot
1084411007,61235.389606500044,2026-07-14T09:21:02Z,,,20.97836155900934,ztfg,,ab,ZTF,1,alert_fp,,14.745359874844832,,,,,2026-07-29T11:47:38.116382,NaN,ZTF Public+Partnership,kowalski-bot
1085054068,61235.463818,2026-07-14T11:07:53Z,,,19.52,atlaso,,ab,ATLAS,72,fp,,56.49369748123023,295.28406,60.82161,,,2026-07-30T17:01:34.854256,,,khinds
1085054069,61235.467016,2026-07-14T11:12:30Z,,,19.54,atlaso,,ab,ATLAS,72,fp,,55.462571295791044,295.28406,60.82161,,,2026-07-30T17:01:34.854270,,,khinds
1085054070,61235.473458,2026-07-14T11:21:46Z,,,19.47,atlaso,,ab,ATLAS,72,fp,,59.1561634175474,295.28406,60.82161,,,2026-07-30T17:01:34.854283,,,khinds
1085054071,61235.503086,2026-07-14T12:04:26Z,,,19.5,atlaso,,ab,ATLAS,72,fp,,57.54399373371564,295.28406,60.82161,,,2026-07-30T17:01:34.854296,,,khinds
1085054072,61236.506002,2026-07-15T12:08:38Z,,,19.46,atlaso,,ab,ATLAS,72,fp,,59.70352865838357,295.28406,60.82161,,,2026-07-30T17:01:34.854308,,,khinds
1085054073,61236.508769,2026-07-15T12:12:37Z,,,19.43,atlaso,,ab,ATLAS,72,fp,,61.376200516479365,295.28406,60.82161,,,2026-07-30T17:01:34.854320,,,khinds
1085054074,61236.515846,2026-07-15T12:22:49Z,,,19.33,atlaso,,ab,ATLAS,72,fp,,67.29766562843182,295.28406,60.82161,,,2026-07-30T17:01:34.854332,,,khinds
1085054075,61236.526378,2026-07-15T12:37:59Z,,,19.43,atlaso,,ab,ATLAS,72,fp,,61.376200516479365,295.28406,60.82161,,,2026-07-30T17:01:34.854344,,,khinds
1084410940,61237.321041699965,2026-07-16T07:42:18Z,,,20.775900272865066,ztfr,,ab,ZTF,1,None,,17.76805503999999,,,,,2026-07-29T11:47:36.920933,,ZTF Public+Partnership,provisioned-admin
1084410941,61237.321041699965,2026-07-16T07:42:18Z,,,20.991253019828033,ztfr,,ab,ZTF,1,None,,14.571316519106727,,,,,2026-07-29T11:47:36.920942,,ZTF Public+Partnership,provisioned-admin
1084410992,61237.321041699965,2026-07-16T07:42:18Z,,,20.77589988708496,ztfr,,ab,ZTF,1,None,,17.768061353286154,,,,,2026-07-29T11:47:37.951643,,ZTF Public+Partnership,kowalski-bot
1084411008,61237.321041699965,2026-07-16T07:42:18Z,,,20.99125263835831,ztfr,,ab,ZTF,1,alert_fp,,14.571321638690115,,,,,2026-07-29T11:47:38.116391,NaN,ZTF Public+Partnership,kowalski-bot
1084410942,61237.374768500216,2026-07-16T08:59:39Z,,,20.643499630907083,ztfg,,ab,ZTF,1,None,,20.072439039999995,,,,,2026-07-29T11:47:36.920951,,ZTF Public+Partnership,provisioned-admin
1084410943,61237.374768500216,2026-07-16T08:59:39Z,,,21.15090771126586,ztfg,,ab,ZTF,1,None,,12.578733484819516,,,,,2026-07-29T11:47:36.920959,,ZTF Public+Partnership,provisioned-admin
1084410993,61237.374768500216,2026-07-16T08:59:39Z,,,20.64349937438965,ztfg,,ab,ZTF,1,None,,20.072443782340862,,,,,2026-07-29T11:47:37.951649,,ZTF Public+Partnership,kowalski-bot
1084411009,61237.374768500216,2026-07-16T08:59:39Z,,,21.150907329796134,ztfg,,ab,ZTF,1,alert_fp,,12.578737904315542,,,,,2026-07-29T11:47:38.116398,NaN,ZTF Public+Partnership,kowalski-bot
1085054076,61239.452518,2026-07-18T10:51:37Z,,,19.49,atlaso,,ab,ATLAS,72,fp,,58.07644175213124,295.28406,60.82161,,,2026-07-30T17:01:34.854356,,,khinds
1085054077,61239.452975,2026-07-18T10:52:17Z,,,19.48,atlaso,,ab,ATLAS,72,fp,,58.61381645140278,295.28406,60.82161,,,2026-07-30T17:01:34.854368,,,khinds
1085054078,61239.455716,2026-07-18T10:56:13Z,,,19.43,atlaso,,ab,ATLAS,72,fp,,61.376200516479365,295.28406,60.82161,,,2026-07-30T17:01:34.854379,,,khinds
1085054079,61239.456173,2026-07-18T10:56:53Z,,,19.47,atlaso,,ab,ATLAS,72,fp,,59.1561634175474,295.28406,60.82161,,,2026-07-30T17:01:34.854391,,,khinds
1085054080,61239.461205,2026-07-18T11:04:08Z,,,19.45,atlaso,,ab,ATLAS,72,fp,,60.255958607435744,295.28406,60.82161,,,2026-07-30T17:01:34.854402,,,khinds
1085054081,61239.462118,2026-07-18T11:05:26Z,,,19.46,atlaso,,ab,ATLAS,72,fp,,59.70352865838357,295.28406,60.82161,,,2026-07-30T17:01:34.854414,,,khinds
1085054082,61239.473085,2026-07-18T11:21:14Z,,,19.43,atlaso,,ab,ATLAS,72,fp,,61.376200516479365,295.28406,60.82161,,,2026-07-30T17:01:34.854426,,,khinds
1085054083,61239.473542,2026-07-18T11:21:54Z,,,19.47,atlaso,,ab,ATLAS,72,fp,,59.1561634175474,295.28406,60.82161,,,2026-07-30T17:01:34.854438,,,khinds
1084410944,61240.23960650014,2026-07-19T05:45:02Z,,,20.56090013084534,ztfg,,ab,ZTF,1,None,,21.659077119999967,,,,,2026-07-29T11:47:36.920967,,ZTF Public+Partnership,provisioned-admin
1084410945,61240.23960650014,2026-07-19T05:45:02Z,,,21.0505010626458,ztfg,,ab,ZTF,1,None,,13.797473701026188,,,,,2026-07-29T11:47:36.920976,,ZTF Public+Partnership,provisioned-admin
1084410994,61240.23960650014,2026-07-19T05:45:02Z,,,20.56089973449707,ztfg,,ab,ZTF,1,None,,21.659085026652864,,,,,2026-07-29T11:47:37.951654,,ZTF Public+Partnership,kowalski-bot
1084411010,61240.23960650014,2026-07-19T05:45:02Z,,,21.050500681176075,ztfg,,ab,ZTF,1,alert_fp,,13.797478548722529,,,,,2026-07-29T11:47:38.116404,NaN,ZTF Public+Partnership,kowalski-bot
1084410946,61240.32035879977,2026-07-19T07:41:19Z,,,20.741600564595913,ztfr,,ab,ZTF,1,None,,18.338329599999984,,,,,2026-07-29T11:47:36.920984,,ZTF Public+Partnership,provisioned-admin
1084410947,61240.32035879977,2026-07-19T07:41:19Z,,,21.080951830136772,ztfr,,ab,ZTF,1,None,,13.415883179652585,,,,,2026-07-29T11:47:36.920992,,ZTF Public+Partnership,provisioned-admin
1084410995,61240.32035879977,2026-07-19T07:41:19Z,,,20.741600036621094,ztfr,,ab,ZTF,1,None,,18.33833851761604,,,,,2026-07-29T11:47:37.951659,,ZTF Public+Partnership,kowalski-bot
1084411011,61240.32035879977,2026-07-19T07:41:19Z,,,21.080951448667047,ztfr,,ab,ZTF,1,alert_fp,,13.41588789327837,,,,,2026-07-29T11:47:38.116411,NaN,ZTF Public+Partnership,kowalski-bot
1085054084,61241.454344,2026-07-20T10:54:15Z,,,19.54,atlaso,,ab,ATLAS,72,fp,,55.462571295791044,295.28406,60.82161,,,2026-07-30T17:01:34.854449,,,khinds
1085054085,61241.458455,2026-07-20T11:00:10Z,,,19.49,atlaso,,ab,ATLAS,72,fp,,58.07644175213124,295.28406,60.82161,,,2026-07-30T17:01:34.854460,,,khinds
1085054086,61241.464896,2026-07-20T11:09:27Z,,,19.5,atlaso,,ab,ATLAS,72,fp,,57.54399373371564,295.28406,60.82161,,,2026-07-30T17:01:34.854472,,,khinds
1085054087,61241.497196,2026-07-20T11:55:57Z,,,19.36,atlaso,,ab,ATLAS,72,fp,,65.46361740672747,295.28406,60.82161,,,2026-07-30T17:01:34.854533,,,khinds
1084410948,61242.3918980998,2026-07-21T09:24:19Z,,,20.449800967083885,ztfr,,ab,ZTF,1,None,,23.992727040000013,,,,,2026-07-29T11:47:36.921001,,ZTF Public+Partnership,provisioned-admin
1084410949,61242.3918980998,2026-07-21T09:24:19Z,,,20.804327521117873,ztfr,,ab,ZTF,1,None,,17.30888097718417,,,,,2026-07-29T11:47:36.921010,,ZTF Public+Partnership,provisioned-admin
1084410996,61242.3918980998,2026-07-21T09:24:19Z,,,20.449800491333008,ztfr,,ab,ZTF,1,None,,23.992737553201454,,,,,2026-07-29T11:47:37.951665,,ZTF Public+Partnership,kowalski-bot
1084411012,61242.3918980998,2026-07-21T09:24:19Z,,,20.804327139648148,ztfr,,ab,ZTF,1,alert_fp,,17.308887058601737,,,,,2026-07-29T11:47:38.116416,NaN,ZTF Public+Partnership,kowalski-bot
1085054088,61242.421651,2026-07-21T10:07:10Z,,,19.2,atlaso,,ab,ATLAS,72,fp,,75.85775750291836,295.28406,60.82161,,,2026-07-30T17:01:34.854548,,,khinds
1085054089,61242.424852,2026-07-21T10:11:47Z,,,19.48,atlaso,,ab,ATLAS,72,fp,,58.61381645140278,295.28406,60.82161,,,2026-07-30T17:01:34.854561,,,khinds
1085054090,61242.455951,2026-07-21T10:56:34Z,,,19.29,atlaso,,ab,ATLAS,72,fp,,69.82324040771711,295.28406,60.82161,,,2026-07-30T17:01:34.854573,,,khinds
1085054091,61242.461889,2026-07-21T11:05:07Z,,,18.94,atlaso,,ab,ATLAS,72,fp,,96.38290236239685,295.28406,60.82161,,,2026-07-30T17:01:34.854583,,,khinds
1084410950,61244.32790509984,2026-07-23T07:52:11Z,,,20.66280016896018,ztfr,,ab,ZTF,1,None,,19.718775040000015,,,,,2026-07-29T11:47:36.921019,,ZTF Public+Partnership,provisioned-admin
1084410951,61244.32790509984,2026-07-23T07:52:11Z,,,20.966721030731115,ztfr,,ab,ZTF,1,None,,14.904300139674255,,,,,2026-07-29T11:47:36.921029,,ZTF Public+Partnership,provisioned-admin
1084410997,61244.32790509984,2026-07-23T07:52:11Z,,,20.662799835205078,ztfr,,ab,ZTF,1,None,,19.718781101548657,,,,,2026-07-29T11:47:37.951670,,ZTF Public+Partnership,kowalski-bot
1084411013,61244.32790509984,2026-07-23T07:52:11Z,,,20.96672064926139,ztfr,,ab,ZTF,1,alert_fp,,14.904305376250363,,,,,2026-07-29T11:47:38.116422,NaN,ZTF Public+Partnership,kowalski-bot
1084410952,61244.41064810008,2026-07-23T09:51:19Z,,,20.71600008033172,ztfg,,ab,ZTF,1,None,,18.775865600000003,,,,,2026-07-29T11:47:36.921040,,ZTF Public+Partnership,provisioned-admin
1084410953,61244.41064810008,2026-07-23T09:51:19Z,,,21.180211980329624,ztfg,,ab,ZTF,1,None,,12.243771271918012,,,,,2026-07-29T11:47:36.921048,,ZTF Public+Partnership,provisioned-admin
1084410998,61244.41064810008,2026-07-23T09:51:19Z,,,20.715999603271484,ztfg,,ab,ZTF,1,None,,18.77587384990529,,,,,2026-07-29T11:47:37.951675,,ZTF Public+Partnership,kowalski-bot
1084411014,61244.41064810008,2026-07-23T09:51:19Z,,,21.1802115988599,ztfg,,ab,ZTF,1,alert_fp,,12.24377557372619,,,,,2026-07-29T11:47:38.116427,NaN,ZTF Public+Partnership,kowalski-bot
1085054092,61244.414459,2026-07-23T09:56:49Z,,,19.31,atlaso,,ab,ATLAS,72,fp,,68.54882264526617,295.28406,60.82161,,,2026-07-30T17:01:34.854594,,,khinds
1085054093,61244.417627,2026-07-23T10:01:22Z,,,19.31,atlaso,,ab,ATLAS,72,fp,,68.54882264526617,295.28406,60.82161,,,2026-07-30T17:01:34.854605,,,khinds
1085054094,61244.423129,2026-07-23T10:09:18Z,,,19.31,atlaso,,ab,ATLAS,72,fp,,68.54882264526617,295.28406,60.82161,,,2026-07-30T17:01:34.854617,,,khinds
1085054095,61244.436781,2026-07-23T10:28:57Z,,,19.37,atlaso,,ab,ATLAS,72,fp,,64.86344335482372,295.28406,60.82161,,,2026-07-30T17:01:34.854628,,,khinds
1085054096,61245.407864,2026-07-24T09:47:19Z,,,19.31,atlaso,,ab,ATLAS,72,fp,,68.54882264526617,295.28406,60.82161,,,2026-07-30T17:01:34.854638,,,khinds
1085054097,61245.411543,2026-07-24T09:52:37Z,,,19.29,atlaso,,ab,ATLAS,72,fp,,69.82324040771711,295.28406,60.82161,,,2026-07-30T17:01:34.854650,,,khinds
1085054098,61245.446431,2026-07-24T10:42:51Z,,,19.27,atlaso,,ab,ATLAS,72,fp,,71.12135136533284,295.28406,60.82161,,,2026-07-30T17:01:34.854662,,,khinds
1085054099,61245.451929,2026-07-24T10:50:46Z,,,19.23,atlaso,,ab,ATLAS,72,fp,,73.79042301291,295.28406,60.82161,,,2026-07-30T17:01:34.854673,,,khinds
1084410954,61246.36520829983,2026-07-25T08:45:53Z,,,20.398199435828527,ztfg,,ab,ZTF,1,None,,25.160555520000013,,,,,2026-07-29T11:47:36.921057,,ZTF Public+Partnership,provisioned-admin
1084410955,61246.36520829983,2026-07-25T08:45:53Z,,,20.90687879962985,ztfg,,ab,ZTF,1,None,,15.748836712163204,,,,,2026-07-29T11:47:36.921065,,ZTF Public+Partnership,provisioned-admin
1084410999,61246.36520829983,2026-07-25T08:45:53Z,,,20.3981990814209,ztfg,,ab,ZTF,1,None,,25.160563732947356,,,,,2026-07-29T11:47:37.951680,,ZTF Public+Partnership,kowalski-bot
1084411015,61246.36520829983,2026-07-25T08:45:53Z,,,20.906878418160126,ztfg,,ab,ZTF,1,alert_fp,,15.748842245464427,,,,,2026-07-29T11:47:38.116433,NaN,ZTF Public+Partnership,kowalski-bot
1084410956,61246.40785880014,2026-07-25T09:47:19Z,,,20.639099588208257,ztfr,,ab,ZTF,1,None,,20.153949439999995,,,,,2026-07-29T11:47:36.921074,,ZTF Public+Partnership,provisioned-admin
1084410957,61246.40785880014,2026-07-25T09:47:19Z,,,20.95621730615609,ztfr,,ab,ZTF,1,None,,15.0491883445145,,,,,2026-07-29T11:47:36.921082,,ZTF Public+Partnership,provisioned-admin
1084411000,61246.40785880014,2026-07-25T09:47:19Z,,,20.63909912109375,ztfr,,ab,ZTF,1,None,,20.15395811080248,,,,,2026-07-29T11:47:37.951686,,ZTF Public+Partnership,kowalski-bot
1084411016,61246.40785880014,2026-07-25T09:47:19Z,,,20.956216924686363,ztfr,,ab,ZTF,1,alert_fp,,15.04919363199665,,,,,2026-07-29T11:47:38.116439,NaN,ZTF Public+Partnership,kowalski-bot
1085054100,61247.408271,2026-07-26T09:47:54Z,,,19.15,atlaso,,ab,ATLAS,72,fp,,79.43282347242817,295.28406,60.82161,,,2026-07-30T17:01:34.854685,,,khinds
1085054101,61247.411475,2026-07-26T09:52:31Z,,,19.14,atlaso,,ab,ATLAS,72,fp,,80.16780633876778,295.28406,60.82161,,,2026-07-30T17:01:34.854697,,,khinds
1085054102,61247.417899,2026-07-26T10:01:46Z,,,19.05,atlaso,,ab,ATLAS,72,fp,,87.09635899560791,295.28406,60.82161,,,2026-07-30T17:01:34.854709,,,khinds
1085054103,61247.452674,2026-07-26T10:51:51Z,,,19.05,atlaso,,ab,ATLAS,72,fp,,87.09635899560791,295.28406,60.82161,,,2026-07-30T17:01:34.854721,,,khinds
1084410958,61248.21988430014,2026-07-27T05:16:38Z,,,19.933300475262744,ztfg,,ab,ZTF,1,None,,38.60822272000003,,,,,2026-07-29T11:47:36.921090,,ZTF Public+Partnership,provisioned-admin
1084410959,61248.21988430014,2026-07-27T05:16:38Z,,,20.448243767810794,ztfg,,ab,ZTF,1,None,,24.027162902305353,,,,,2026-07-29T11:47:36.921100,,ZTF Public+Partnership,provisioned-admin
1084411001,61248.21988430014,2026-07-27T05:16:38Z,,,19.933300018310547,ztfg,,ab,ZTF,1,None,,38.608238968989276,,,,,2026-07-29T11:47:37.951691,,ZTF Public+Partnership,kowalski-bot
1084411017,61248.21988430014,2026-07-27T05:16:38Z,,,20.44824338634107,ztfg,,ab,ZTF,1,alert_fp,,24.027171344168845,,,,,2026-07-29T11:47:38.116444,NaN,ZTF Public+Partnership,kowalski-bot
1084410960,61248.28872689977,2026-07-27T06:55:46Z,,,20.300899833026968,ztfr,,ab,ZTF,1,None,,27.51947007999997,,,,,2026-07-29T11:47:36.921106,,ZTF Public+Partnership,provisioned-admin
1084410961,61248.28872689977,2026-07-27T06:55:46Z,,,20.69327321464887,ztfr,,ab,ZTF,1,None,,19.173028337052266,,,,,2026-07-29T11:47:36.921111,,ZTF Public+Partnership,provisioned-admin
1084411002,61248.28872689977,2026-07-27T06:55:46Z,,,20.300899505615234,ztfr,,ab,ZTF,1,None,,27.51947837869971,,,,,2026-07-29T11:47:37.951697,,ZTF Public+Partnership,kowalski-bot
1084411018,61248.28872689977,2026-07-27T06:55:46Z,,,20.693272833179144,ztfr,,ab,ZTF,1,alert_fp,,19.173035073431787,,,,,2026-07-29T11:47:38.116450,NaN,ZTF Public+Partnership,kowalski-bot
1085054104,61248.455956,2026-07-27T10:56:34Z,,,19.02,atlaso,,ab,ATLAS,72,fp,,89.53647655495932,295.28406,60.82161,,,2026-07-30T17:01:34.854733,,,khinds
1085054105,61248.459161,2026-07-27T11:01:11Z,,,19,atlaso,,ab,ATLAS,72,fp,,91.20108393559087,295.28406,60.82161,,,2026-07-30T17:01:34.854744,,,khinds
1085054106,61248.465104,2026-07-27T11:09:44Z,,,18.99,atlaso,,ab,ATLAS,72,fp,,92.04495717531717,295.28406,60.82161,,,2026-07-30T17:01:34.854756,,,khinds
1085054107,61248.476082,2026-07-27T11:25:33Z,,,18.97,atlaso,,ab,ATLAS,72,fp,,93.75620069258802,295.28406,60.82161,,,2026-07-30T17:01:34.854768,,,khinds
1084410962,61249.332592600025,2026-07-28T07:58:56Z,,,19.208200698556112,ztfr,,ab,ZTF,1,None,,75.28695296000004,,,,,2026-07-29T11:47:36.921116,,ZTF Public+Partnership,provisioned-admin
1084410963,61249.332592600025,2026-07-28T07:58:56Z,,,19.69100856337363,ztfr,,ab,ZTF,1,None,,48.261028682964245,,,,,2026-07-29T11:47:36.921121,,ZTF Public+Partnership,provisioned-admin
1084411003,61249.332592600025,2026-07-28T07:58:56Z,,,19.208200454711914,ztfr,,ab,ZTF,1,None,,75.28696986860882,,,,,2026-07-29T11:47:37.951702,,ZTF Public+Partnership,kowalski-bot
1084410964,61250.24234949984,2026-07-29T05:48:58Z,18.401476202738813,0.08690907539877347,19.395699167802526,ztfr,12.492782828218331,ab,ZTF,1,None,158.2739783680004,12.669233152000032,295.2839993,60.8216194,,,2026-07-29T11:47:36.921127,,ZTF Public+Partnership,provisioned-admin
1084410965,61250.24234949984,2026-07-29T05:48:58Z,18.243979980016817,0.036993785196263965,20.16554384283741,ztfr,29.349151458763917,ab,ZTF,1,None,182.98184741644354,6.23465546094361,,,,,2026-07-29T11:47:36.921132,,ZTF Public+Partnership,provisioned-admin
1084411004,61250.24234949984,2026-07-29T05:48:58Z,18.401500743227597,0.08690900355577469,19.39572460581066,ztfr,12.492793155329963,ab,ZTF,1,None,158.2704010009764,12.668936324576178,295.2839993,60.8216194,,,2026-07-29T11:47:37.951708,,ZTF Public+Partnership,kowalski-bot
1084411019,61250.24234949984,2026-07-29T05:48:58Z,18.243979598547092,0.03699378519626397,20.165543461367683,ztfr,29.34915145876391,ab,ZTF,1,alert_fp,182.9819117065051,6.234657651469004,,,,,2026-07-29T11:47:38.116456,NaN,ZTF Public+Partnership,kowalski-bot
1085054108,61250.415297,2026-07-29T09:58:01Z,,,18.72,atlaso,,ab,ATLAS,72,fp,,118.03206356517298,295.28406,60.82161,,,2026-07-30T17:01:34.854779,,,khinds
1085054109,61250.418501,2026-07-29T10:02:38Z,,,18.7,atlaso,,ab,ATLAS,72,fp,,120.22644346174118,295.28406,60.82161,,,2026-07-30T17:01:34.854791,,,khinds
1085054110,61250.424398,2026-07-29T10:11:07Z,,,18.72,atlaso,,ab,ATLAS,72,fp,,118.03206356517298,295.28406,60.82161,,,2026-07-30T17:01:34.854802,,,khinds
1084410966,61250.447789399885,2026-07-29T10:44:49Z,18.675022291341396,0.10712863055716708,19.442144197206723,ztfg,10.134883635787238,ab,ZTF,1,None,123.02435123200004,12.138703872000006,295.2840646,60.8216055,,,2026-07-29T11:47:36.921138,,ZTF Public+Partnership,provisioned-admin
1084411005,61250.447789399885,2026-07-29T10:44:49Z,18.67502227549681,0.10712862759828568,19.442144211350058,ztfg,10.134883915711656,ab,ZTF,1,None,123.02435302734371,12.138703713875259,295.2840646,60.8216055,,,2026-07-29T11:47:37.951714,,ZTF Public+Partnership,kowalski-bot
1084639294,61250.447789399885,2026-07-29T10:44:49Z,18.674999652087315,0.10712900012731552,19.44211781240865,ztfg,10.134848672794536,ab,ZTF,1,None,123.02691650390608,12.138998861833347,295.2840646,60.8216055,,,2026-07-30T06:17:37.327104,,ZTF Public+Partnership,kowalski-bot
1084639321,61250.447789399885,2026-07-29T10:44:49Z,18.638099651672427,0.06746167507517303,19.90734263943753,ztfg,16.094118676245223,ab,ZTF,1,alert_fp,127.27999199690952,7.908478529164423,,,,,2026-07-30T06:17:37.725591,NaN,ZTF Public+Partnership,kowalski-bot
1084817034,61250.447789399885,2026-07-29T10:44:49Z,18.638100033142152,0.06746167507517303,19.907343020907255,ztfg,16.094118676245227,ab,ZTF,1,None,127.27994727752485,7.908475750547863,,,,,2026-07-30T08:21:28.981384,,ZTF Public+Partnership,provisioned-admin
1084817035,61251.3121181,2026-07-30T07:29:27Z,19.616100612971096,0.17640656178870476,19.841699563230232,ztfg,6.154738201057376,ab,ZTF,1,None,51.70823987199994,8.401371135999991,295.2840147,60.8216166,,,2026-07-30T08:21:28.981423,,ZTF Public+Partnership,provisioned-admin
1084834544,61251.3121181,2026-07-30T07:29:27Z,19.616100599595082,0.1764065474271774,19.841699638245668,ztfg,6.154738702124043,ab,ZTF,1,None,51.708240509033224,8.401370555534445,295.2840147,60.8216166,,,2026-07-30T08:37:48.830973,,ZTF Public+Partnership,kowalski-bot
1084916050,61251.3121181,2026-07-30T07:29:27Z,19.616100599595082,0.17640699446201324,19.841696886866547,ztfg,6.154723105335414,ab,ZTF,1,None,51.708240509033224,8.401391845590636,295.2840147,60.8216166,,,2026-07-30T10:03:48.543032,,ZTF Public+Partnership,kowalski-bot
1085069269,61251.91489,2026-07-30T21:57:26Z,,,19.07745219092229,sdssg,,ab,IOO,33,LT_IOO_PIPE,,84.92178684924852,,,,,2026-07-30T22:11:53.173976,[object Object],,mcgrathz
1085069271,61251.917949,2026-07-30T22:01:50Z,,,19.465709813876927,sdssi,,ab,IOO,33,LT_IOO_PIPE,,59.390375951942644,,,,,2026-07-30T22:32:44.502168,[object Object],,mcgrathz
1085069278,61251.9192592,2026-07-30T22:03:43Z,19.41,0.1,21.3,sdssr,10.857362047581294,ab,IOO,33,None,62.51726927756849,5.758053291728954,,,,,2026-07-30T23:15:58.258618,[object Object],,abochenek
1085069386,61251.921035,2026-07-30T22:06:17Z,19.30784437168236,0.10783913244213439,20.75292664749238,sdssr,10.068109601500426,ab,IOO,33,LT_IOO_PIPE,68.68505515490074,6.822040867002954,,,,,2026-07-31T08:09:27.727630,[object Object],,mcgrathz
1085069273,61251.924044,2026-07-30T22:10:37Z,,,20.124508152010716,sdssu,,ab,IOO,33,LT_IOO_PIPE,,32.37402808926463,,,,,2026-07-30T22:42:14.550519,[object Object],,mcgrathz
1085069852,61251.926422,2026-07-30T22:14:02Z,20.003,0.372,20,sdssu,2.9186457117154014,ab,IOO,33,None,36.20762177566727,12.40562416682861,,,,,2026-07-31T10:59:44.643099,[object Object],,abochenek
1085069272,61251.9292,2026-07-30T22:18:02Z,,,18.4879873545598,sdssz,,ab,IOO,33,LT_IOO_PIPE,,146.15209940678992,,,,,2026-07-30T22:33:37.438191,[object Object],,mcgrathz
1085069274,61251.932891,2026-07-30T22:23:21Z,,,19.44494559769418,sdssi,,ab,IOO,33,LT_IOO_PIPE,,60.53712069509178,,,,,2026-07-30T23:08:44.454837,[object Object],,mcgrathz
1085069853,61251.933,2026-07-30T22:23:31Z,19.187,0.16,20,sdssi,6.785851279738308,ab,IOO,33,None,76.77149537690265,11.313465652589912,,,,,2026-07-31T11:00:30.917994,[object Object],,abochenek
1085069388,61251.941546,2026-07-30T22:35:49Z,19.48248566886572,0.20221647897275494,20.086152376390743,sdssr,5.369177676683872,ab,IOO,33,LT_IOO_PIPE,58.47978031101873,10.891757329054752,,,,,2026-07-31T08:10:36.515974,[object Object],,mcgrathz
1085069854,61251.943,2026-07-30T22:37:55Z,19.79,0.11,20.5,sdssr,9.870329134164813,ab,IOO,33,None,44.05548635065532,4.463426269967351,,,,,2026-07-31T11:01:18.800112,[object Object],,abochenek
1085069855,61251.95,2026-07-30T22:47:59Z,19.689,0.20000000000000004,20.8,sdssz,5.428681023790646,ab,IOO,33,None,48.35039205916207,8.906471359667544,,,,,2026-07-31T11:02:04.459935,[object Object],,abochenek
1085069394,61251.950109,2026-07-30T22:48:09Z,19.8023906175801,0.18983357096919373,20.682452288678103,sdssz,5.7194109514713976,ab,IOO,33,LT_IOO_PIPE,43.55557515097766,7.615395277685438,,,,,2026-07-31T08:15:50.349695,[object Object],,mcgrathz
1085069856,61251.988,2026-07-30T23:42:43Z,19.71,0.11,21,sdssg,9.870329134164813,ab,IOO,33,None,47.424198526024384,4.8047231132214145,,,,,2026-07-31T11:02:45.847806,[object Object],,abochenek
1085069384,61251.988025,2026-07-30T23:42:45Z,19.71676442699836,0.18432442009766975,20.521011073844,sdssg,5.890354648520363,ab,IOO,33,LT_IOO_PIPE,47.1296515887451,8.001156874413988,,,,,2026-07-31T08:07:13.487835,[object Object],,mcgrathz
1085069289,61252.16931230016,2026-07-31T04:03:48Z,,,19.750409294077986,sdssg,,ab,SEDM,2,SEDM_SUBPHOT_KPIPE,,45.691591182773536,,,,,2026-07-31T04:09:53.443192,[object Object],,khinds
1085069290,61252.1720385002,2026-07-31T04:07:44Z,,,18.58675046710811,sdssr,,ab,SEDM,2,SEDM_SUBPHOT_KPIPE,,133.44423402594228,,,,,2026-07-31T04:14:09.039985,[object Object],,khinds
1085069291,61252.17479950003,2026-07-31T04:11:42Z,,,19.73487024520191,sdssi,,ab,SEDM,2,SEDM_SUBPHOT_KPIPE,,46.35023089318094,,,,,2026-07-31T04:17:44.537943,[object Object],,khinds